-- phpMyAdmin SQL Dump
-- version 5.2.0
-- https://www.phpmyadmin.net/
--
-- Host: 127.0.0.1
-- Generation Time: Dec 19, 2022 at 05:38 AM
-- Server version: 10.4.25-MariaDB
-- PHP Version: 8.1.10

SET SQL_MODE = "NO_AUTO_VALUE_ON_ZERO";
START TRANSACTION;
SET time_zone = "+00:00";


/*!40101 SET @OLD_CHARACTER_SET_CLIENT=@@CHARACTER_SET_CLIENT */;
/*!40101 SET @OLD_CHARACTER_SET_RESULTS=@@CHARACTER_SET_RESULTS */;
/*!40101 SET @OLD_COLLATION_CONNECTION=@@COLLATION_CONNECTION */;
/*!40101 SET NAMES utf8mb4 */;

--
-- Database: `ecommerce`
--

-- --------------------------------------------------------

--
-- Table structure for table `cat`
--

CREATE TABLE `cat` (
  `shortcut` text NOT NULL,
  `full` text NOT NULL,
  `image` varchar(255) DEFAULT NULL
) ENGINE=InnoDB DEFAULT CHARSET=utf8mb4;

--
-- Dumping data for table `cat`
--

INSERT INTO `cat` (`shortcut`, `full`, `image`) VALUES
('ss', 'Safty System', 'ss1.jpg'),
('gp', ' Gas & Powder', NULL),
('pt', 'Power Tools', 'pt2.png'),
('as', 'Anchoring System', 'as.jpg'),
('cs', 'Consolable System', 'cs.png');

-- --------------------------------------------------------

--
-- Table structure for table `contact`
--

CREATE TABLE `contact` (
  `id` int(11) NOT NULL,
  `name` text NOT NULL,
  `email` text NOT NULL,
  `phone` text NOT NULL,
  `msg` text NOT NULL,
  `date` text NOT NULL,
  `time` text NOT NULL
) ENGINE=InnoDB DEFAULT CHARSET=utf8;

--
-- Dumping data for table `contact`
--

INSERT INTO `contact` (`id`, `name`, `email`, `phone`, `msg`, `date`, `time`) VALUES
(10, 'shaimaa', 'f.sayed4444@gmail.com', '01111911477', 'Test msg Test msg Test msg Test msg Test msg Test msg Test msg Test msg', '2022-12-19', '12:36'),
(11, 'shaimaa', 'freelance.ss22@gmail.com', '01111911477', ' test msg test msgtest msgtest msgtest msgtest msgtest msgtest msg', '2022-12-20', '07:36');

-- --------------------------------------------------------

--
-- Table structure for table `distributor`
--

CREATE TABLE `distributor` (
  `id` int(11) NOT NULL,
  `name` text NOT NULL,
  `phone` text NOT NULL,
  `mail` text NOT NULL,
  `company` text NOT NULL,
  `address` text NOT NULL,
  `city` text NOT NULL,
  `country` text NOT NULL,
  `zip` text NOT NULL,
  `about` text NOT NULL,
  `date` text NOT NULL,
  `time` text NOT NULL
) ENGINE=InnoDB DEFAULT CHARSET=utf8;

--
-- Dumping data for table `distributor`
--

INSERT INTO `distributor` (`id`, `name`, `phone`, `mail`, `company`, `address`, `city`, `country`, `zip`, `about`, `date`, `time`) VALUES
(1, '1', '2', '3', '4', '5', '6', '7', '8', '9', '2017-05-11', '6:35 AM'),
(2, '1d3d2d231d2dd4', '1d3d2d231d2dd4', '1d3d2d231d2dd4', '1d3d2d231d2dd4', '1d3d2d231d2dd4', '1d3d2d231d2dd4', '1d3d2d231d2dd4', '1d3d2d231d2dd4', 'body', '2021-08-28', '9:47 PM'),
(3, '1d3d2d231d2dd4', '1d3d2d231d2dd4', '1d3d2d231d2dd4', '1d3d2d231d2dd4', '1d3d2d231d2dd4', '1d3d2d231d2dd4', '1d3d2d231d2dd4', '1d3d2d231d2dd4', '\"', '2021-08-28', '9:47 PM'),
(4, '1d3d2d231d2dd4', '1d3d2d231d2dd4', '1d3d2d231d2dd4', '1d3d2d231d2dd4', '1d3d2d231d2dd4', '1d3d2d231d2dd4', '1d3d2d231d2dd4', '1d3d2d231d2dd4', '-- -', '2021-08-28', '9:48 PM'),
(5, '1d3d2d231d2dd4', '1d3d2d231d2dd4', '1d3d2d231d2dd4', '1d3d2d231d2dd4', '1d3d2d231d2dd4', '\"', '1d3d2d231d2dd4', '1d3d2d231d2dd4', 'body', '2021-08-28', '9:48 PM'),
(6, '1d3d2d231d2dd4', '1d3d2d231d2dd4', '1d3d2d231d2dd4', '1d3d2d231d2dd4', '1d3d2d231d2dd4', '-- -', '1d3d2d231d2dd4', '1d3d2d231d2dd4', 'body', '2021-08-28', '9:48 PM'),
(7, '\"', '1d3d2d231d2dd4', '1d3d2d231d2dd4', '1d3d2d231d2dd4', '1d3d2d231d2dd4', '1d3d2d231d2dd4', '1d3d2d231d2dd4', '1d3d2d231d2dd4', 'body', '2021-08-28', '9:48 PM'),
(8, '-- -', '1d3d2d231d2dd4', '1d3d2d231d2dd4', '1d3d2d231d2dd4', '1d3d2d231d2dd4', '1d3d2d231d2dd4', '1d3d2d231d2dd4', '1d3d2d231d2dd4', 'body', '2021-08-28', '9:48 PM'),
(9, '1d3d2d231d2dd4', '1d3d2d231d2dd4', '1d3d2d231d2dd4', '1d3d2d231d2dd4', '1d3d2d231d2dd4', '1d3d2d231d2dd4', '1d3d2d231d2dd4', '\"', 'body', '2021-08-28', '9:48 PM'),
(10, '1d3d2d231d2dd4', '1d3d2d231d2dd4', '1d3d2d231d2dd4', '1d3d2d231d2dd4', '1d3d2d231d2dd4', '1d3d2d231d2dd4', '1d3d2d231d2dd4', '-- -', 'body', '2021-08-28', '9:48 PM'),
(11, '%27%29--%23', '%27%29--%23', '%27%29--%23', '%27%29--%23', '%27%29--%23', '%27%29--%23', '%27%29--%23', '%27%29--%23', '', '2021-08-28', '9:49 PM'),
(12, '%27%29--%23', '%27%29--%23', '%27%29--%23', '%27%29--%23', '%27%29--%23', '%27%29--%23', '%27%29--%23', '%27%29--%23', '', '2021-09-28', '6:54 PM'),
(13, '%27%29--%23', '%27%29--%23', '%27%29--%23', '%27%29--%23', '%27%29--%23', '%27%29--%23', '%27%29--%23', '%27%29--%23', '', '2021-09-28', '6:54 PM'),
(14, '%27%29--%23', '%27%29--%23', '%27%29--%23', '%27%29--%23', '%27%29--%23', '%27%29--%23', '%27%29--%23', '%27%29--%23', '', '2021-12-02', '11:29 AM'),
(15, 'jinlext', 'jinlext@adann.xyz', '83367457646', 'google', 'https://bestadalafil.com/', 'Avarua', 'Cook Islands', '151521', 'had already shown that samples smears and scrapes of infected tissue could transfer diseases to others. Hndkzo https://bestadalafil.com/ - Cialis achat cialis particulier Malvtp viagra funciona Cnvvxc <a href=\"https://bestadalafil.com/\">Cialis</a> viagra cialis sample paypal Lmzoue Inflammatory bowel disease IBD c. https://bestadalafil.com/ - generic cialis 20mg', '2022-04-09', '8:20 AM'),
(16, 'default', 'wapiti2021@mailinator.com', 'default', 'default', 'default', 'default', 'default', 'default', 'Hi there!', '2022-04-25', '5:03 AM'),
(17, 'wwj98v739r', 'wapiti2021@mailinator.com', 'default', 'default', 'default', 'default', 'default', 'default', 'Hi there!', '2022-04-25', '5:03 AM'),
(18, 'default', 'w6uttymdkv', 'default', 'default', 'default', 'default', 'default', 'default', 'Hi there!', '2022-04-25', '5:03 AM'),
(19, 'default', 'wapiti2021@mailinator.com', 'wvs8tbxh3n', 'default', 'default', 'default', 'default', 'default', 'Hi there!', '2022-04-25', '5:03 AM'),
(20, 'default', 'wapiti2021@mailinator.com', 'default', 'w6sy3ahzd8', 'default', 'default', 'default', 'default', 'Hi there!', '2022-04-25', '5:03 AM'),
(21, 'default', 'wapiti2021@mailinator.com', 'default', 'default', 'wv9ppkljhe', 'default', 'default', 'default', 'Hi there!', '2022-04-25', '5:03 AM'),
(22, 'default', 'wapiti2021@mailinator.com', 'default', 'default', 'default', 'wfyc23haza', 'default', 'default', 'Hi there!', '2022-04-25', '5:03 AM'),
(23, 'default', 'wapiti2021@mailinator.com', 'default', 'default', 'default', 'default', 'wwe7aqnt3g', 'default', 'Hi there!', '2022-04-25', '5:03 AM'),
(24, 'default', 'wapiti2021@mailinator.com', 'default', 'default', 'default', 'default', 'default', 'wjnnv2oa66', 'Hi there!', '2022-04-25', '5:03 AM'),
(25, 'default', 'wapiti2021@mailinator.com', 'default', 'default', 'default', 'default', 'default', 'default', 'wgkxw136mb', '2022-04-25', '5:03 AM'),
(26, 'coelick', 'coelick@newtopmail.xyz', '85179481256', 'google', 'https://bestcialis20mg.com', 'New York', 'United States', '121224', '<a href=https://bestcialis20mg.com/>cialis buy online</a> But the great news is that your nodes are clear so there is a high chance that the cancer did not travel', '2022-11-12', '12:01 AM');

-- --------------------------------------------------------

--
-- Table structure for table `emails`
--

CREATE TABLE `emails` (
  `email` text NOT NULL
) ENGINE=InnoDB DEFAULT CHARSET=utf8;

--
-- Dumping data for table `emails`
--

INSERT INTO `emails` (`email`) VALUES
('whoselletve@gmail.com'),
('whoselletve@gmail.com'),
('ansavna13@gmail.com'),
('ansavna13@gmail.com'),
('lambanthony70@gmail.com'),
('lambanthony70@gmail.com'),
('example_email@example.com'),
('example_email@example.com'),
('example_email@example.com'),
('example_email@example.com'),
('example_email@example.com'),
('example_email@example.com'),
('example_email@example.com'),
('example_email@example.com'),
('\"'),
('-- -'),
('example_email@example.com'),
('example_email@example.com'),
('example_email@example.com'),
('example_email@example.com'),
('\"'),
('-- -'),
('example_email@example.com'),
('example_email@example.com'),
('example_email@example.com'),
('example_email@example.com'),
('\"'),
('-- -'),
('example_email@example.com'),
('example_email@example.com'),
('example_email@example.com'),
('example_email@example.com'),
('\"'),
('-- -'),
('example_email@example.com'),
('example_email@example.com'),
('example_email@example.com'),
('example_email@example.com'),
('\"'),
('-- -'),
('example_email@example.com'),
('example_email@example.com'),
('example_email@example.com'),
('example_email@example.com'),
('\"'),
('-- -'),
('example_email@example.com'),
('example_email@example.com'),
('example_email@example.com'),
('example_email@example.com'),
('\"'),
('-- -'),
('example_email@example.com'),
('example_email@example.com'),
('example_email@example.com'),
('example_email@example.com'),
('\"'),
('-- -'),
('example_email@example.com'),
('example_email@example.com'),
('example_email@example.com'),
('example_email@example.com'),
('example_email@example.com'),
('\"'),
('-- -'),
('%27%29--%23'),
('%27%29--%23'),
('%27%29--%23'),
('%27%29--%23'),
('%27%29--%23'),
('%27%29--%23'),
('robymevberyle74d1l66tgi@gmail.com'),
('robymevberyle74d1l66tgi@gmail.com'),
('fastener-inter.com@buycodeshop.com'),
('fastener-inter.com@buycodeshop.com'),
('%27%29--%23'),
('%27%29--%23'),
('%27%29--%23'),
('%27%29--%23'),
('%27%29--%23'),
('%27%29--%23'),
('%27%29--%23'),
('%27%29--%23'),
('%27%29--%23'),
('%27%29--%23'),
('%27%29--%23'),
('%27%29--%23'),
('fastener-inter.com@buycodeshop.com'),
('fastener-inter.com@buycodeshop.com'),
('fastener-inter.com@buycodeshop.com'),
('fastener-inter.com@buycodeshop.com'),
('fastener-inter.com@buycodeshop.com'),
('fastener-inter.com@buycodeshop.com'),
('fastener-inter.com@buycodeshop.com'),
('fastener-inter.com@buycodeshop.com'),
('%27%29--%23'),
('fastener-inter.com@buycodeshop.com'),
('fastener-inter.com@buycodeshop.com'),
('fastener-inter.com@buycodeshop.com'),
('wapiti2021@mailinator.com'),
('wapiti2021@mailinator.com'),
('wapiti2021@mailinator.com'),
('wapiti2021@mailinator.com'),
('wapiti2021@mailinator.com'),
('wapiti2021@mailinator.com'),
('wapiti2021@mailinator.com'),
('wapiti2021@mailinator.com'),
('wapiti2021@mailinator.com'),
('wapiti2021@mailinator.com'),
('wapiti2021@mailinator.com'),
('wapiti2021@mailinator.com'),
('wapiti2021@mailinator.com'),
('wapiti2021@mailinator.com'),
('wtl9kareb5'),
('w3asj0cg6z'),
('wu5zlfuj50'),
('w2f32rzjaa'),
('w1pwf4ehyr'),
('wapiti2021@mailinator.com'),
('wapb56hgtk'),
('wjpb1tkktk'),
('wtfdlcg9lc'),
('wrv9kxpr5h'),
('wjk575hmmq'),
('wsgz3f04d6'),
('wwgon0l6ff'),
('w1zogbul44'),
('wwjcnpnmcm'),
('terylu4id170eu@outlook.com'),
('terylu4id170eu@outlook.com'),
('terylu4id170eu@outlook.com'),
('terylu4id170eu@outlook.com'),
('terylu4id170eu@outlook.com'),
('terylu4id170eu@outlook.com'),
('terylu4id170eu@outlook.com'),
('terylu4id170eu@outlook.com'),
('kelcieuif32r68iu1@outlook.com'),
('kelcieuif32r68iu1@outlook.com'),
('wallis30of435oa@outlook.com'),
('wallis30of435oa@outlook.com'),
('tamyraa85be4c14w@outlook.com'),
('tamyraa85be4c14w@outlook.com'),
('tamyraa85be4c14w@outlook.com'),
('tamyraa85be4c14w@outlook.com'),
('tamyraa85be4c14w@outlook.com'),
('tamyraa85be4c14w@outlook.com'),
('vsendy9v94yd6ya1@outlook.com'),
('vsendy9v94yd6ya1@outlook.com'),
('vsendy9v94yd6ya1@outlook.com'),
('vsendy9v94yd6ya1@outlook.com'),
('vsendy9v94yd6ya1@outlook.com'),
('vsendy9v94yd6ya1@outlook.com'),
('vsendy9v94yd6ya1@outlook.com'),
('vsendy9v94yd6ya1@outlook.com'),
('abuo4823ynlgo@outlook.com'),
('abuo4823ynlgo@outlook.com'),
('gkayshiagk5qi8e9u@outlook.com'),
('gkayshiagk5qi8e9u@outlook.com'),
('gkayshiagk5qi8e9u@outlook.com'),
('gkayshiagk5qi8e9u@outlook.com'),
('gkayshiagk5qi8e9u@outlook.com'),
('gkayshiagk5qi8e9u@outlook.com'),
('gkayshiagk5qi8e9u@outlook.com'),
('gkayshiagk5qi8e9u@outlook.com'),
('natash760fv6o6oq7u1@outlook.com'),
('natash760fv6o6oq7u1@outlook.com'),
('natash760fv6o6oq7u1@outlook.com'),
('natash760fv6o6oq7u1@outlook.com'),
('natash760fv6o6oq7u1@outlook.com'),
('natash760fv6o6oq7u1@outlook.com'),
('natash760fv6o6oq7u1@outlook.com'),
('natash760fv6o6oq7u1@outlook.com'),
('breiane75i0b1@outlook.com'),
('breiane75i0b1@outlook.com'),
('breiane75i0b1@outlook.com'),
('breiane75i0b1@outlook.com'),
('breiane75i0b1@outlook.com'),
('breiane75i0b1@outlook.com'),
('breiane75i0b1@outlook.com'),
('breiane75i0b1@outlook.com'),
('cisacecal272a90@outlook.com'),
('cisacecal272a90@outlook.com'),
('cisacecal272a90@outlook.com'),
('cisacecal272a90@outlook.com'),
('cisacecal272a90@outlook.com'),
('cisacecal272a90@outlook.com'),
('cisacecal272a90@outlook.com'),
('cisacecal272a90@outlook.com'),
('dnatessa3285a4fd@outlook.com'),
('dnatessa3285a4fd@outlook.com'),
('dnatessa3285a4fd@outlook.com'),
('dnatessa3285a4fd@outlook.com'),
('dnatessa3285a4fd@outlook.com'),
('dnatessa3285a4fd@outlook.com'),
('dnatessa3285a4fd@outlook.com'),
('dnatessa3285a4fd@outlook.com'),
('vkodey39g608t6agv@outlook.com'),
('vkodey39g608t6agv@outlook.com'),
('vkodey39g608t6agv@outlook.com'),
('vkodey39g608t6agv@outlook.com'),
('vkodey39g608t6agv@outlook.com'),
('vkodey39g608t6agv@outlook.com'),
('vkodey39g608t6agv@outlook.com'),
('vkodey39g608t6agv@outlook.com'),
('lelisse4alo8yq@outlook.com'),
('lelisse4alo8yq@outlook.com'),
('lelisse4alo8yq@outlook.com'),
('lelisse4alo8yq@outlook.com'),
('lelisse4alo8yq@outlook.com'),
('lelisse4alo8yq@outlook.com'),
('lelisse4alo8yq@outlook.com'),
('lelisse4alo8yq@outlook.com'),
('haroldhr8@gmail.com'),
('m.hagen@freenet.de'),
('sales@hilandequipment.com'),
('richardmorton2014@gmail.com'),
('pablogcribari78@gmail.com'),
('tingqmusik@gmail.com'),
('info.theflooringguys@yahoo.com'),
('katemullen23@yahoo.com'),
('lisa.hingle@att.net'),
('ossfamilyyfriends@aol.com'),
('demisai@gmx.ch'),
('benedicto.nj08@gmail.com'),
('PGKOSKO@MAWC.ORG'),
('puerto46520@gmail.com'),
('sherryla70@gmail.com'),
('zman911ret@sbcglobal.net'),
('5033692032@mms.att.net'),
('marinsince82@hotmail.com'),
('INFO@JCSWEAPONDESIGNS.COM'),
('PGKOSKO@MAWC.ORG'),
('mysticjagg@gmail.com'),
('laneicehemsley@gmail.com'),
('selle.pulheim@freenet.de'),
('jenyarbro3@yahoo.com'),
('Aelmes612@gmail.com'),
('JEFFFREYPOUNDS3@GMAIL.COM'),
('supxojiyev@outlook.com'),
('supxojiyev@outlook.com'),
('supxojiyev@outlook.com'),
('supxojiyev@outlook.com'),
('supxojiyev@outlook.com'),
('supxojiyev@outlook.com'),
('supxojiyev@outlook.com'),
('supxojiyev@outlook.com'),
('denisha1982@gmail.com'),
('rivera23mcc@gmail.com'),
('paulwhiting@eventfiresolutions.co.uk'),
('magicdoug@shaw.ca'),
('jspindor@shaw.ca'),
('msmith@rosemtl.com'),
('nigiumberto2005@gmail.com'),
('megane.muhlestein@bluewin.ch'),
('wcali764@gmail.com'),
('trogers1494@comcast.net'),
('gangl95@gmx.net'),
('megane.muhlestein@bluewin.ch'),
('ADRideau@bellsouth.net'),
('huntleiva@gmail.com'),
('esthertaiwo10@gmail.com'),
('tingqmusik@gmail.com'),
('sgrnex@yahoo.es'),
('mef720gaming@gmail.com'),
('jasonhotri@gmail.com'),
('ctrudz@aol.com'),
('sheilamaebenford@gmail.com'),
('wanwon1@yahoo.com'),
('neilgreen99@btinternet.com'),
('jjbernabei01@gmail.com'),
('RAS@BUNKERONE.COM'),
('NICKREICHERT7735@GMAIL.COM'),
('juan.jenkins@jensagroup.com'),
('JOHNAWD@COMCAST.NET'),
('marc_racine@live.ca'),
('STEVE0C23@GMAIL.COM'),
('MBALLOCH@COOPERBUILDS.COM'),
('shauna@shaunaocallaghan.com'),
('rbaritot@nixonpeabody.com'),
('compta@mistermateriaux.com'),
('itziarginer13@gmail.com'),
('fabio.boillat@bluewin.ch'),
('A.ELITEINSPECTION@ICLOUD.COM'),
('INFO@FUSIONDOLLS.COM'),
('rbaritot@nixonpeabody.com'),
('mariahmielke13@gmail.com'),
('dinosmith32@yahoo.com'),
('rbaritot@nixonpeabody.com'),
('RBEAR1091@COMCAST.NET'),
('jcassano@commackambulance.org'),
('CTY37511@CENTURYTEL.NET'),
('CCMEDSPEC@YAHOO.COM'),
('Mike@azPPre.com'),
('jcassano@commackambulance.org'),
('INFO@FUSIONDOLLS.COM'),
('ebaculy@att.net'),
('juiordominguez27@icloud.com'),
('DAVIDMFT10@GMAIL.COM'),
('george.wyatt@palmettoeng.com'),
('george.wyatt@palmettoeng.com'),
('jppatthey@bluewin.ch'),
('rafaelbh14@gmail.com'),
('george.allen@arcelormittal.com'),
('mullins8347@gmail.com'),
('tingqmusik@gmail.com'),
('rhonda@rpmscharlotte.com'),
('tingqmusik@gmail.com'),
('simonemuellegger@gmx.net'),
('doug@daviddouglas.com'),
('pjohnson@mcshaneservices.com'),
('kbiondo@lsps.org'),
('unichaos_2000@yahoo.com'),
('zoehmartin@att.net'),
('vickidominy@bellsouth.net'),
('INFO@FUSIONDOLLS.COM'),
('mcmath81@embarqmail.com'),
('MBALLOCH@COOPERBUILDS.COM'),
('movel-ss@hotmail.com'),
('jonathanegner27@gmail.com'),
('mckennagirls@comcast.net'),
('OLGAWILLI@AOL.COM'),
('cristina.pettiti@gmail.com'),
('jefflowe117@gmail.com'),
('Tylergordon866@gmail.com'),
('support@fortunejack.com'),
('tingqmusik@gmail.com'),
('sallierittersmith@gmail.com'),
('rbaritot@nixonpeabody.com'),
('jasonfox@jwslawyers.com'),
('demildj@bcmcontrols.com'),
('jcogar445@comcast.net'),
('sbuskey@saratogapolice.org'),
('sbuskey@saratogapolice.org'),
('Iamsankz@gmail.com'),
('ro3be@icloud.com'),
('MBALLOCH@COOPERBUILDS.COM'),
('danelectroman@hotmail.com'),
('ebay@sortek.ca'),
('fastener-inter.com@buycodeshop.com'),
('kulesza@kdaroofing.com'),
('mrcaseyayers@gmail.com'),
('ddddddddddddd@gmail.com'),
('ddddddddddddd@gmail.com'),
('ddddddddddddd@gmail.com'),
('555555555@gmail.com'),
('tatatatat@yahoo.com'),
('tatatatat@yahoo.com'),
('555555555@gmail.com'),
('555555555@gmail.com'),
('ddddddddddddd@gmail.com'),
('5rrrrrrrrrrr5@gmail.com'),
('55@gmail.com'),
('55555555555555555@44444444444'),
('uuuuuu$1111@aio.com'),
('qqqqq@ss'),
('1111111wwwwwwwww'),
('testtestetst@@@@'),
('testtestetst@@@@'),
('testtestetst######'),
('####################'),
('shaimaa.fathy@gmail.com'),
('test');

-- --------------------------------------------------------

--
-- Table structure for table `my_order`
--

CREATE TABLE `my_order` (
  `id` int(11) NOT NULL,
  `quantity` varchar(30) NOT NULL,
  `email` varchar(50) NOT NULL,
  `address` text NOT NULL,
  `city` varchar(50) NOT NULL,
  `country` varchar(50) NOT NULL,
  `phone` text NOT NULL,
  `zip` text NOT NULL
) ENGINE=InnoDB DEFAULT CHARSET=utf8;

--
-- Dumping data for table `my_order`
--

INSERT INTO `my_order` (`id`, `quantity`, `email`, `address`, `city`, `country`, `phone`, `zip`) VALUES
(1, '2', 'f.sayed4444@gmail.com', 'Maadi', 'Cairo', 'Egypt', '01207720010', '51450');

-- --------------------------------------------------------

--
-- Table structure for table `product`
--

CREATE TABLE `product` (
  `id` int(11) NOT NULL,
  `cat` text NOT NULL,
  `name` text NOT NULL,
  `data` longtext NOT NULL,
  `specfile` text NOT NULL
) ENGINE=InnoDB DEFAULT CHARSET=utf8;

--
-- Dumping data for table `product`
--

INSERT INTO `product` (`id`, `cat`, `name`, `data`, `specfile`) VALUES
(1, 'ss', 'Cantilever tool box', '55', ''),
(2, 'ss', 'Carry bag\r\n', '400', ''),
(3, 'ss', 'Backbag 25L', '773', ''),
(4, 'ss', 'Fastener banner', '599', ''),
(5, 'gp', 'SP3 - Display', '494', ''),
(7, 'ss', 'Safety helmets', '628', ''),
(8, 'ss', 'HV Reflective bracelet', '255', ''),
(9, 'ss', 'Professional safety waitcoats', '796', ''),
(10, 'gp', 'Work site safety system', '38', ''),
(11, 'ss', 'Traffic safety cones', '50', ''),
(12, 'gp', 'Signlling tag cord', '816', ''),
(13, 'ss', 'Barrier safety tape', '977', ''),
(14, 'ss', 'Plastic signalling link chains', '662', ''),
(15, 'ss', 'Signalling panels', '424', ''),
(16, 'ss', 'Signalling tube-pike', '454', ''),
(17, 'ss', 'Flag', '926', ''),
(18, 'ss', 'Traffic control paddles', '334', ''),
(19, 'ss', 'Flashlight-Battery', '150', ''),
(20, 'ss', 'Safety signs', '897', ''),
(21, 'ss', 'Safety shoes', '247', ''),
(22, 'gp', 'Gas Nailer FG90', '685', ''),
(23, 'gp', 'Gas Nailer FG100', '699', ''),
(24, 'gp', 'Gas Nailer FG120', '136', ''),
(25, 'gp', 'Gas Nailer TGT W90', '876', ''),
(26, 'gp', 'Gas for Nail Guns GA185', '622', ''),
(27, 'gp', 'Steel washers for Gas Nailer', '77', ''),
(28, 'gp', 'WN wood for Gas Nailer', '394', ''),
(29, 'gp', 'Powder actuated tools', '587', ''),
(30, 'gp', 'Magazine cartidges', '95', ''),
(31, 'gp', 'Magazine Drive', '591', ''),
(32, 'gp', 'Plastic washer', '379', ''),
(33, 'gp', 'Metal washer', '27', ''),
(34, 'cs', 'Dril bit ', '725', ''),
(35, 'as', 'FSLM anchor', '50', ''),
(36, 'as', 'FDF anchor', '163', ''),
(37, 'as', 'FSA through bolt', '910', ''),
(39, 'as', 'HEB sleeve anchor', '978', ''),
(40, 'as', 'FCL-N sleeve anchor', '494', ''),
(41, 'as', 'FKV Drop in anchor', '971', ''),
(42, 'as', 'FES shield anchor', '919', ''),
(43, 'as', 'FDK Drop in anchor', '63', ''),
(44, 'as', 'Epoxy concrete', '881', ''),
(45, 'as', 'CH++ ', '33', ''),
(46, 'gp', 'Sleeve', '729', ''),
(47, 'as', 'Resin kit', '720', ''),
(48, 'as', 'Nozzle', '138', ''),
(49, 'as', 'BOP Debris', '483', ''),
(50, 'as', 'Hole Cleaning', '652', ''),
(51, 'as', 'Resin Injection', '819', ''),
(52, 'gp', 'Chemical stud anchor', '397', ''),
(53, 'gp', 'Nylon sleeve', '759', ''),
(54, 'gp', 'TR-G threaded rods', '836', ''),
(55, 'gp', 'Fastening set', '294', ''),
(56, 'gp', 'Frame anchor', '147', ''),
(57, 'cs', 'Abrasive Flap Discs', '825', ''),
(58, 'gp', 'Diamond Cup Wheels', '473', ''),
(59, 'cs', 'Diamond Blades', '89', ''),
(60, 'cs', 'Wheels', '77', ''),
(62, 'gp', 'Carbide', '554', ''),
(63, 'gp', 'M750 HD', '45', ''),
(64, 'gp', 'M1010 HD', '841', ''),
(65, 'pt', 'M2000 HD', '353', ''),
(66, 'gp', 'FB 616 HD', '301', ''),
(67, 'gp', 'FB 722 HD', '458', ''),
(68, 'gp', 'CM 6526 HD', '436', ''),
(69, 'gp', 'FK 3012 HD', '704', ''),
(70, 'gp', 'FK 6522 HD', '245', ''),
(71, 'gp', 'MBG 150', '709', ''),
(72, 'gp', 'MBGS 200', '832', ''),
(73, 'cs', 'Abrasive Disks', '461', ''),
(75, 'gp', 'Daimond Plades', '70', ''),
(76, 'cs', 'Hook & Loop Discs', '830', ''),
(78, 'cs', 'Brushes', '117', ''),
(79, 'cs', 'Sandpaper', '145', ''),
(80, 'pt', 'SM 1236CES plus HD', '261', ''),
(81, 'pt', 'SM 1433CES plus HD', '995', ''),
(82, 'gp', 'PMB 2030E HD', '840', ''),
(83, 'gp', 'X85CES plus HD', '480', ''),
(84, 'gp', 'X160E plus HD', '158', ''),
(85, 'gp', 'FSPE 110 - 111 HD', '972', ''),
(86, 'gp', 'MBS 976 , 976E', '405', ''),
(87, 'gp', 'EX125E', '240', ''),
(88, 'gp', 'EX150E , 150CE', '203', ''),
(89, 'gp', 'TK65', '441', ''),
(90, 'cs', 'Daimond Disks', '929', ''),
(91, 'gp', 'TK 40 - TK 55 - TK63', '289', ''),
(92, 'gp', 'TSB 1300C', '985', ''),
(93, 'gp', 'TSB 1300CE', '888', ''),
(94, 'gp', 'P160', '783', ''),
(95, 'gp', 'P282', '473', ''),
(96, 'gp', 'P382', '316', ''),
(97, 'gp', 'P3110', '396', ''),
(98, 'cs', 'Fastenercut 106 HD', '663', ''),
(99, 'cs', 'TV 1835', '955', ''),
(100, 'cs', 'TV 2040', '10', ''),
(101, 'cs', 'TV 2245', '897', ''),
(102, 'gp', 'BM2 1060ce plus HD', '505', ''),
(103, 'gp', 'Hag 2000', '250', ''),
(104, 'gp', 'UDD16', '998', ''),
(105, 'gp', 'MDF16', '175', ''),
(106, 'gp', 'Measuring tapes', '276', ''),
(107, 'gp', 'Laser Measuring tapes', '32', ''),
(108, 'gp', 'BR2 12E', '482', ''),
(109, 'gp', 'BR1 15E', '667', ''),
(110, 'gp', 'BUR2 15E', '852', ''),
(111, 'pt', 'BUR2 18E', '190', ''),
(112, 'gp', 'BAR 12E', '967', ''),
(113, 'gp', 'GUR 12', '241', ''),
(114, 'gp', 'GUR 12S', '57', ''),
(115, 'gp', 'GR 3.6 LI', '283', ''),
(116, 'gp', 'BR2 7.2 LI', '290', ''),
(117, 'gp', 'BR2 10.8 LI', '761', ''),
(118, 'gp', 'GUR 10.8 LI', '82', ''),
(119, 'pt', 'BR2 15 LI HD', '157', ''),
(120, 'pt', 'BUR2 15 LI HD', '400', ''),
(121, 'pt', 'BUR2 18 LI HD', '988', ''),
(122, 'gp', 'GUR 15 LI HD', '382', ''),
(123, 'gp', 'BPR 15 LI', '301', ''),
(124, 'gp', 'LI-LON TWIN SET HD', '129', ''),
(125, 'gp', 'NICD BATTARY PACKS', '118', ''),
(126, 'gp', 'LI-LON BATTARY PACKS', '720', ''),
(127, 'gp', 'CHARGERS', '277', ''),
(128, 'gp', 'Screw friver bits', '634', ''),
(129, 'cs', 'Fast Change Magnetic Holder', '533', ''),
(130, 'cs', '32 Pieces bit set', '225', ''),
(131, 'cs', '25 Pieces bit set', '846', ''),
(132, 'gp', 'Belt Holster', '699', ''),
(133, 'pt', 'BUR 131 E', '785', ''),
(134, 'pt', 'BU2 160 HD', '820', ''),
(135, 'gp', 'BUR2 160 E', '227', ''),
(136, 'pt', 'BUR2 200 E', '372', ''),
(137, 'gp', 'BUR2 201 E', '615', ''),
(138, 'gp', 'BUR2 250 E', '203', ''),
(139, 'gp', 'BUR2 250 CET', '272', ''),
(140, 'cs', 'Anti-Vibration hand', '370', ''),
(141, 'gp', 'BU2 350 HD', '655', ''),
(142, 'gp', 'BUR2 350 E HD', '717', ''),
(143, 'gp', 'R 10 E', '933', ''),
(144, 'gp', 'BVR 54 E', '842', ''),
(145, 'gp', 'BVR 62 E', '810', ''),
(146, 'pt', 'BBK2 1500 HD', '840', ''),
(147, 'pt', 'Drill stand sp 60', '936', ''),
(148, 'cs', 'Metal Drill Bits', '546', ''),
(149, 'cs', 'Wood Drill Bits', '736', ''),
(150, 'cs', 'Step Drill Bits', '987', ''),
(151, 'cs', 'Drill Bits for Ceramic', '238', ''),
(152, 'cs', 'Drill Bits for glass', '458', ''),
(153, 'cs', 'Diamond core Drill Bits', '334', ''),
(154, 'cs', 'Vice stand - CE 60', '640', ''),
(155, 'cs', 'Vice stand - CE 100', '303', ''),
(156, 'cs', 'Drill Stand - SP 50', '378', ''),
(157, 'cs', 'Drill Stand - SP 43', '336', ''),
(158, 'pt', 'FE 30 CE', '294', ''),
(159, 'pt', 'FE 50', '927', ''),
(160, 'pt', 'EE 50', '413', ''),
(161, 'cs', 'Drill Bits', '686', ''),
(162, 'cs', 'Drill Bit Sets', '329', ''),
(163, 'pt', 'K 306 E', '526', ''),
(164, 'pt', 'K 615 CE', '359', ''),
(165, 'pt', 'K 1000', '787', ''),
(166, 'pt', 'K 1500', '586', ''),
(167, 'pt', 'K 3000', '814', ''),
(175, 'ss', 'Extensible Barriers', '177', ''),
(176, 'ss', 'Bicolour warning tape', '853', ''),
(177, 'ss', 'Prop protector', '708', ''),
(178, 'ss', 'Telescopic guard rail', '751', ''),
(179, 'pt', 'Side Handle', '433', ''),
(180, 'pt', 'BUR 150E', '476', ''),
(181, 'pt', 'BUR2 160E', '21', ''),
(182, 'pt', 'BUR2 200E HD', '842', ''),
(183, 'pt', 'BUR2 201E HD', '51', ''),
(184, 'cs', 'FE-CH SDS-Plus Chisels', '27', ''),
(185, 'cs', '40CR Carbide tip', '497', ''),
(186, 'cs', '40CR 2S Carbide tip', '44', ''),
(187, 'cs', 'Drill Bits 3S', '254', ''),
(188, 'cs', 'SDS Max TO SDS+ Adapter', '1000', ''),
(189, 'cs', 'Keyed chuck with adabter', '210', ''),
(190, 'cs', 'Chisels for use with SDS+', '647', ''),
(191, 'cs', 'Chisels for use with SDS MAX', '801', ''),
(192, 'cs', 'TCT core drill bits for SDS+', '474', ''),
(193, 'cs', 'Chrome Vanadium CR-V', '494', ''),
(194, 'cs', 'Screw Driver bits S2', '925', ''),
(195, 'cs', 'Belt Holster', '168', ''),
(196, 'cs', 'Sanding Discs - punched', '186', ''),
(197, 'cs', 'Sanding Discs - abranet', '347', ''),
(198, 'cs', 'Jost Finishing PAD', '486', ''),
(199, 'cs', 'Polishing Bonnet & PAD', '80', ''),
(200, 'cs', 'Polishing Foam PAD', '901', ''),
(201, 'cs', 'Foam Backing PAD', '716', ''),
(202, 'cs', 'Sponge Disc', '600', ''),
(203, 'cs', 'Jig Saw Blades', '910', ''),
(204, 'cs', 'Jig Saw Blades sets', '989', ''),
(205, 'cs', 'FE-C Power Plus', '599', ''),
(206, 'as', 'SFS Stair Fastening', '363', ''),
(207, 'as', 'FPL-A Heavy Duty Nylon Sleeve', '880', ''),
(208, 'as', 'FGL Sleeve for Scaffold Bolt', '724', ''),
(209, 'as', 'PG Plug', '275', ''),
(210, 'as', 'FOX-A All Purpose Frame Anchors', '869', ''),
(211, 'as', '316 Grade All Purpose Frame Anchors', '162', ''),
(212, 'as', '4-FOX Frame Anchor', '319', ''),
(213, 'as', 'All Purpose Frame Anchors', '919', ''),
(214, 'as', 'Long Expansion frame anchor', '794', ''),
(215, 'as', 'Hammer Screws - Turbo Drive', '842', ''),
(216, 'as', 'Hammer Screws - galvanized screw 1-FH', '22', ''),
(217, 'as', 'FDD Door / Window frame anchor', '942', ''),
(218, 'as', 'Door / window frame screw', '906', ''),
(219, 'as', 'FMN Metal Nail-in Anchor', '89', ''),
(220, 'as', 'WH wire hanger', '245', ''),
(221, 'as', 'SRT spring toogle bolt wings', '219', ''),
(222, 'as', 'all purpose screw multi fix 1-MF', '681', ''),
(223, 'as', 'MFZ Drywall anchors', '62', ''),
(224, 'as', 'SDA Steel drywall anchor', '381', ''),
(225, 'as', 'THW anchor installation tool', '368', ''),
(226, 'as', 'Perforated steel straps', '878', ''),
(227, 'as', 'FE-CX kit of SDS-PlUS hammer bits', '318', ''),
(228, 'as', 'CTM caple tie mounts', '225', ''),
(229, 'as', 'CTH caple tie pin holders', '853', ''),
(230, 'as', 'cable Ties 1 CT', '666', ''),
(231, 'as', 'Hexagon flange head', '178', ''),
(232, 'as', 'Countersunk head', '961', ''),
(233, 'as', 'Drop in anchor setting tool ST1', '988', ''),
(234, 'as', 'BIT-S Resin foor road application', '96', ''),
(235, 'as', 'Applicator Resins - 300 BIT70', '23', ''),
(236, 'as', 'mix cartridge nozzle', '794', ''),
(237, 'as', 'MSH Perforated sleeve', '740', ''),
(238, 'as', 'Wire mesh sleeve', '331', ''),
(239, 'as', 'FSR internally threaded steel sleeve', '209', ''),
(240, 'as', 'Applicator Resins - 500/GCH', '715', ''),
(241, 'as', 'Applicator Resins - 380 injection', '723', ''),
(242, 'as', 'Applicator Resins - 300 Injection', '828', ''),
(243, 'as', 'FAR Chemical stud anchor - Hexagon socket', '590', ''),
(244, 'as', 'FAR-E Chemical stud anchor', '306', ''),
(245, 'as', 'FPL-A heavy duty nylon sleeve', '874', ''),
(246, 'as', 'FPL-MX Nylon Sleeve', '37', ''),
(247, 'as', 'TOP All purpose nylon sleeve', '31', ''),
(248, 'as', 'TOP-MX all purpose nylon sleeve', '852', ''),
(249, 'as', 'mm5 zinc plated min 5.8 3000mm', '820', '');

-- --------------------------------------------------------

--
-- Table structure for table `product_images`
--

CREATE TABLE `product_images` (
  `id` int(11) NOT NULL,
  `product_id` text NOT NULL,
  `name` text DEFAULT NULL,
  `main_image` int(11) NOT NULL DEFAULT 0
) ENGINE=InnoDB DEFAULT CHARSET=utf8;

--
-- Dumping data for table `product_images`
--

INSERT INTO `product_images` (`id`, `product_id`, `name`, `main_image`) VALUES
(1, '7', 'Safety_helmets.jpg', 1),
(2, '8', 'HV_Reflective_bracelet.jpg', 1),
(3, '9', 'Professional_safety_waitcoats.jpg', 1),
(4, '10', 'Work_site_safety_system.jpg', 1),
(5, '11', 'Traffic_safety_cones.jpg', 1),
(6, '12', 'Signlling_tag_cord.jpg', 1),
(7, '13', 'Barrier_safety_tape.jpg', 1),
(8, '14', 'Plastic_signalling_link_chains.jpg', 1),
(9, '22', 'Gas_Nailer_FG90.jpg', 1),
(10, '23', 'Gas_Nailer_FG100.jpg', 1),
(11, '24', 'Gas_Nailer_FG120.jpg', 1),
(12, '25', 'Gas_Nailer_TGT_W90.jpg', 1),
(13, '26', 'Gas_for_Nail_Guns_GA185.jpg', 1),
(14, '27', 'Steel_washers_for_Gas_Nailer.jpg', 1),
(15, '28', 'WN_wood_for_Gas_Nailer.jpg', 1),
(16, '29', 'Powder_actuated_tools.jpg', 1),
(17, '30', 'Magazine_cartidges.jpg', 1),
(18, '31', 'Magazine_Drive.jpg', 1),
(19, '32', 'Plastic_washer.jpg', 1),
(20, '33', 'Metal_washer.jpg', 1),
(21, '34', 'Dril_bit.jpg', 1),
(22, '35', 'FSLM_anchor.jpg', 1),
(23, '36', 'FDF_anchor.jpg', 1),
(24, '37', 'FSA_through_bolt.jpg', 1),
(25, '39', 'HEB_sleeve_anchor.jpg', 1),
(26, '40', 'FCL-N_sleeve_anchor.jpg', 1),
(27, '41', 'FKV_Drop_in_anchor.jpg', 1),
(28, '42', 'FES_shield_anchor.jpg', 1),
(29, '43', 'FDK_Drop_in_anchor.jpg', 1),
(30, '44', 'Epoxy_concrete.jpg', 1),
(31, '45', 'CH++.jpg', 1),
(32, '46', 'Sleeve.jpg', 1),
(33, '47', 'Resin_kit.jpg', 1),
(34, '48', 'Nozzle.jpg', 1),
(35, '49', 'BOP_Debris.jpg', 1),
(36, '50', 'Hole_Cleaning.jpg', 1),
(37, '51', 'Resin_Injection.jpg', 1),
(38, '52', 'Chemical_stud_anchor.jpg', 1),
(39, '53', 'Nylon_sleeve.jpg', 1),
(40, '54', 'TR-G_threaded_rods.jpg', 1),
(41, '55', 'Fastening_set.jpg', 1),
(42, '56', 'Frame_anchor.jpg', 1),
(43, '16', 'Signalling_tube_pike.jpg', 1),
(44, '17', 'Flag.jpg', 1),
(45, '18', 'Traffic_control_paddles.jpg', 1),
(46, '19', 'Flashlight_Battery.jpg', 1),
(47, '20', 'Safety_signs.jpg', 1),
(48, '21', 'Safety_shoes.jpg', 1),
(49, '1', 'Cantilever_tool_box.jpg', 1),
(50, '2', 'Carry_bag.jpg', 1),
(51, '3', 'Backbag_25L.jpg', 1),
(52, '4', 'Fastener_banner.jpg', 1),
(53, '5', 'SP3_Display.jpg', 1),
(54, '57', 'Abrasive_Flap_Discs.jpg', 1),
(55, '58', 'Diamond_Cup_Wheels.jpg', 1),
(56, '59', 'Diamond_Blades.jpg', 1),
(57, '60', 'Wheels.jpg', 1),
(58, '61', 'Abrasive_Disce.jpg', 1),
(59, '62', 'Carbide.jpg', 1),
(60, '63', 'M750_HD.jpg', 1),
(61, '64', 'M1010_HD.jpg', 1),
(62, '65', 'M2000_HD.jpg', 1),
(63, '66', 'FB_616_HD.jpg', 1),
(64, '67', 'FB_722_HD.jpg', 1),
(65, '68', 'CM_6526_HD.jpg', 1),
(66, '69', 'FK_3012_HD.jpg', 1),
(67, '70', 'FK_6522_HD.jpg', 1),
(68, '71', 'MBG_150.jpg', 1),
(69, '72', 'MBGS_200.jpg', 1),
(70, '73', 'Abrasive_Disks.jpg', 1),
(71, '74', 'Abrasive_Flap_Disks.jpg', 1),
(72, '75', 'Daimond_Plades.jpg', 1),
(73, '76', 'Hook_&_Loop_Discs.jpg', 1),
(74, '77', 'Wheels.jpg', 1),
(75, '78', 'Brushes.jpg', 1),
(76, '79', 'Sandpaper.jpg', 1),
(77, '80', 'SM_1236CES_plus_HD.jpg', 1),
(78, '81', 'SM_1433CES_plus_HD.jpg', 1),
(79, '82', 'PMB_2030E_HD.jpg', 1),
(80, '83', 'X85CES_plus_HD.jpg', 1),
(81, '84', 'X160E_plus_HD.jpg', 1),
(82, '85', 'FSPE_110_-_111_HD.jpg', 1),
(83, '86', 'MBS_976_,_976E.jpg', 1),
(84, '87', 'EX125E.jpg', 1),
(85, '88', 'EX150E_,_150CE.jpg', 1),
(86, '89', 'TK65.jpg', 1),
(87, '90', 'Daimond_Disks.jpg', 1),
(88, '91', 'TK_40_-_TK_55_-_TK63.jpg', 1),
(89, '92', 'TSB_1300C.jpg', 1),
(90, '93', 'TSB_1300CE.jpg', 1),
(91, '94', 'P160.jpg', 1),
(92, '95', 'P282.jpg', 1),
(93, '96', 'P382.jpg', 1),
(94, '97', 'P3110.jpg', 1),
(95, '98', 'Fastenercut_106_HD.jpg', 1),
(96, '99', 'TV_1835.jpg', 1),
(97, '100', 'TV_2040.jpg', 1),
(98, '101', 'TV_2245.jpg', 1),
(99, '102', 'BM2_1060ce_plus_HD.jpg', 1),
(100, '103', 'Hag_2000.jpg', 1),
(101, '104', 'UDD16.jpg', 1),
(102, '105', 'MDF16.jpg', 1),
(103, '106', 'Measuring_tapes.jpg', 1),
(104, '107', 'Laser_Measuring_tapes.jpg', 1),
(105, '108', 'BR2_12E.jpg', 1),
(106, '109', 'BR1_15E.jpg', 1),
(107, '110', 'BUR2_15E.jpg', 1),
(108, '111', 'BUR2_18E.jpg', 1),
(109, '112', 'BAR_12E.jpg', 1),
(110, '113', 'GUR_12.jpg', 1),
(111, '114', 'GUR_12S.jpg', 1),
(112, '115', 'GR_3.6_LI.jpg', 1),
(113, '116', 'BR2_7.2_LI.jpg', 1),
(114, '117', 'BR2_10.8_LI.jpg', 1),
(115, '118', 'GUR_10.8_LI.jpg', 1),
(116, '119', 'BR2_15_LI_HD.jpg', 1),
(117, '120', 'BUR2_15_LI_HD.jpg', 1),
(118, '121', 'BUR2_18_LI_HD.jpg', 1),
(119, '122', 'GUR_15_LI_HD.jpg', 1),
(120, '123', 'BPR_15_LI.jpg', 1),
(121, '124', 'LI-LON_TWIN_SET_HD.jpg', 1),
(122, '125', 'NICD_BATTARY_PACKS.jpg', 1),
(123, '126', 'LI-LON_BATTARY_PACKS.jpg', 1),
(124, '127', 'CHARGERS.jpg', 1),
(125, '128', 'Screw_friver_bits.jpg', 1),
(126, '129', 'Fast_Change_Magnetic_Holder.jpg', 1),
(127, '130', '32_Pieces_bit_set.jpg', 1),
(128, '131', '25_Pieces_bit_set.jpg', 1),
(129, '132', 'Belt_Holster.jpg', 1),
(130, '133', 'BUR_131_E.jpg', 1),
(131, '134', 'BU2_160_HD.jpg', 1),
(132, '135', 'BUR2_160_E.jpg', 1),
(133, '136', 'BUR2_200_E.jpg', 1),
(134, '137', 'BUR2_201_E.jpg', 1),
(135, '138', 'BUR2_250_E.jpg', 1),
(136, '139', 'BUR2_250_CET.jpg', 1),
(137, '140', 'Anti-Vibration_hand.jpg', 1),
(138, '141', 'BU2_350_HD.jpg', 1),
(139, '142', 'BUR2_350_E_HD.jpg', 1),
(140, '143', 'R_10_E.jpg', 1),
(141, '144', 'BVR_54_E.jpg', 1),
(142, '145', 'BVR_62_E.jpg', 1),
(143, '146', 'BBK2_1500_HD.jpg', 1),
(144, '147', 'Drill_stand_sp_60.jpg', 1),
(145, '148', 'Metal_Drill_Bits.jpg', 1),
(146, '149', 'Wood_Drill_Bits.jpg', 1),
(147, '150', 'Step_Drill_Bits.jpg', 1),
(148, '151', 'Drill_Bits_for_Ceramic.jpg', 1),
(149, '152', 'Drill_Bits_for_glass.jpg', 1),
(150, '153', 'Diamond_core_Drill_Bits.jpg', 1),
(151, '154', 'Vice_stand_-_CE_60.jpg', 1),
(152, '155', 'Vice_stand_-_CE_100.jpg', 1),
(153, '156', 'Drill_Stand_-_SP_50.jpg', 1),
(154, '157', 'Drill_Stand_-_SP_43.jpg', 1),
(155, '158', 'FE_30_CE.jpg', 1),
(156, '159', 'FE_50.jpg', 1),
(157, '160', 'EE_50.jpg', 1),
(158, '161', 'Drill_Bits.jpg', 1),
(159, '162', 'Drill_Bit_Sets.jpg', 1),
(160, '163', 'K_306_E.jpg', 1),
(161, '164', 'K_615_CE.jpg', 1),
(162, '165', 'K_1000.jpg', 1),
(163, '166', 'K_1500.jpg', 1),
(164, '167', 'K_3000.jpg', 1),
(165, '175', 'Extensible_Barriers.jpg', 1),
(166, '176', 'Bicolour_warning_tape.jpg', 1),
(167, '177', 'Prop_protector.jpg', 1),
(168, '178', 'Telescopic_guard_rail.jpg', 1),
(169, '15', 'Signalling_panels.jpg', 1),
(170, '179', 'Side_Handle.jpg', 1),
(171, '180', 'BUR_150E.jpg', 1),
(172, '181', 'BUR2_160E.jpg', 1),
(173, '182', 'BUR2_200E_HD.jpg', 1),
(174, '183', 'BUR2_201E_HD.jpg', 1),
(175, '184', 'FE-CH_SDS-Plus_Chisels.jpg', 1),
(176, '185', '40CR_Carbide_tip.jpg', 1),
(177, '186', '40CR_2S_Carbide_tip.jpg', 1),
(178, '187', 'Drill_Bits_3S.jpg', 1),
(179, '188', 'SDS_Max_TO_SDS+_Adapter.jpg', 1),
(180, '189', 'Keyed_chuck_with_adabter.jpg', 1),
(181, '190', 'Chisels_for_use_with_SDS+.jpg', 1),
(182, '191', 'Chisels_for_use_with_SDS_MAX.jpg', 1),
(183, '192', 'TCT_core_drill_bits_for_SDS+.jpg', 1),
(184, '193', 'Chrome_Vanadium_CR-V.jpg', 1),
(185, '194', 'Screw_Driver_bits_S2.jpg', 1),
(186, '195', 'Belt_Holster.jpg', 1),
(187, '196', 'Sanding_Discs_-_punched.jpg', 1),
(188, '197', 'Sanding_Discs_-_abranet.jpg', 1),
(189, '198', 'Jost_Finishing_PAD.jpg', 1),
(190, '199', 'Polishing_Bonnet_&_PAD.jpg', 1),
(191, '200', 'Polishing_Foam_PAD.jpg', 1),
(192, '201', 'Foam_Backing_PAD.jpg', 1),
(193, '202', 'Sponge_Disc.jpg', 1),
(194, '203', 'Jig_Saw_Blades.jpg', 1),
(195, '204', 'Jig_Saw_Blades_sets.jpg', 1),
(196, '205', 'FE-C_Power_Plus.jpg', 1),
(197, '206', 'SFS_Stair_Fastening.jpg', 1),
(198, '207', 'FPL-A_Heavy_Duty_Nylon_Sleeve.jpg', 1),
(199, '208', 'FGL_Sleeve_for_Scaffold_Bolt.jpg', 1),
(200, '209', 'PG_Plug.jpg', 1),
(201, '210', 'FOX-A_All_Purpose_Frame_Anchors.jpg', 1),
(202, '211', '316_Grade_All_Purpose_Frame_Anchors.jpg', 1),
(203, '212', '4-FOX_Frame_Anchor.jpg', 1),
(204, '213', 'All_Purpose_Frame_Anchors.jpg', 1),
(205, '214', 'Long_Expansion_frame_anchor.jpg', 1),
(206, '215', 'Hammer_Screws_-_Turbo_Drive.jpg', 1),
(207, '216', 'Hammer_Screws_-_galvanized_screw_1-FH.jpg', 1),
(208, '217', 'FDD_Door_/_Window_frame_anchor.jpg', 1),
(209, '218', 'Door_/_window_frame_screw.jpg', 1),
(210, '219', 'FMN_Metal_Nail-in_Anchor.jpg', 1),
(211, '220', 'WH_wire_hanger.jpg', 1),
(212, '221', 'SRT_spring_toogle_bolt_wings.jpg', 1),
(213, '222', 'all_purpose_screw_multi_fix_1-MF.jpg', 1),
(214, '223', 'MFZ_Drywall_anchors.jpg', 1),
(215, '224', 'SDA_Steel_drywall_anchor.jpg', 1),
(216, '225', 'THW_anchor_installation_tool.jpg', 1),
(217, '226', 'Perforated_steel_straps.jpg', 1),
(218, '227', 'FE-CX_kit_of_SDS-PlUS_hammer_bits.jpg', 1),
(219, '228', 'CTM_caple_tie_mounts.jpg', 1),
(220, '229', 'CTH_caple_tie_pin_holders.jpg', 1),
(221, '230', 'cable_Ties_1_CT.jpg', 1),
(222, '231', 'Hexagon_flange_head.jpg', 1),
(223, '232', 'Countersunk_head.jpg', 1),
(224, '233', 'Drop_in_anchor_setting_tool_ST1.jpg', 1),
(225, '234', 'BIT-S_Resin_foor_road_application.jpg', 1),
(226, '235', 'Applicator_Resins_-_300_BIT70.jpg', 1),
(227, '236', 'mix_cartridge_nozzle.jpg', 1),
(228, '237', 'MSH_Perforated_sleeve.jpg', 1),
(229, '238', 'Wire_mesh_sleeve.jpg', 1),
(230, '239', 'FSR_internally_threaded_steel_sleeve.jpg', 1),
(231, '240', 'Applicator_Resins_-_500/GCH.jpg', 1),
(232, '241', 'Applicator_Resins_-_380_injection.jpg', 1),
(233, '242', 'Applicator_Resins_-_300_Injection.jpg', 1),
(234, '243', 'FAR_Chemical_stud_anchor_-_Hexagon_socket.jpg', 1),
(235, '244', 'FAR-E_Chemical_stud_anchor.jpg', 1),
(236, '245', 'FPL-A_heavy_duty_nylon_sleeve.jpg', 1),
(237, '246', 'FPL-MX_Nylon_Sleeve.jpg', 1),
(238, '247', 'TOP_All_purpose_nylon_sleeve.jpg', 1),
(239, '248', 'TOP-MX_all_purpose_nylon_sleeve.jpg', 1),
(240, '249', 'mm5_zinc_plated_min_5.8_3000mm.jpg', 1);

--
-- Indexes for dumped tables
--

--
-- Indexes for table `cat`
--
ALTER TABLE `cat`
  ADD UNIQUE KEY `shortcut` (`shortcut`) USING HASH;

--
-- Indexes for table `contact`
--
ALTER TABLE `contact`
  ADD PRIMARY KEY (`id`);

--
-- Indexes for table `distributor`
--
ALTER TABLE `distributor`
  ADD PRIMARY KEY (`id`);

--
-- Indexes for table `my_order`
--
ALTER TABLE `my_order`
  ADD PRIMARY KEY (`id`);

--
-- Indexes for table `product`
--
ALTER TABLE `product`
  ADD PRIMARY KEY (`id`);

--
-- Indexes for table `product_images`
--
ALTER TABLE `product_images`
  ADD PRIMARY KEY (`id`);

--
-- AUTO_INCREMENT for dumped tables
--

--
-- AUTO_INCREMENT for table `contact`
--
ALTER TABLE `contact`
  MODIFY `id` int(11) NOT NULL AUTO_INCREMENT, AUTO_INCREMENT=12;

--
-- AUTO_INCREMENT for table `distributor`
--
ALTER TABLE `distributor`
  MODIFY `id` int(11) NOT NULL AUTO_INCREMENT, AUTO_INCREMENT=27;

--
-- AUTO_INCREMENT for table `my_order`
--
ALTER TABLE `my_order`
  MODIFY `id` int(11) NOT NULL AUTO_INCREMENT, AUTO_INCREMENT=2;

--
-- AUTO_INCREMENT for table `product`
--
ALTER TABLE `product`
  MODIFY `id` int(11) NOT NULL AUTO_INCREMENT, AUTO_INCREMENT=250;

--
-- AUTO_INCREMENT for table `product_images`
--
ALTER TABLE `product_images`
  MODIFY `id` int(11) NOT NULL AUTO_INCREMENT, AUTO_INCREMENT=241;
COMMIT;

/*!40101 SET CHARACTER_SET_CLIENT=@OLD_CHARACTER_SET_CLIENT */;
/*!40101 SET CHARACTER_SET_RESULTS=@OLD_CHARACTER_SET_RESULTS */;
/*!40101 SET COLLATION_CONNECTION=@OLD_COLLATION_CONNECTION */;
